﻿<?xml version="1.0" encoding="utf-8"?>
<root product-version="12.2.11.0">
  <entities>
    <entity ref="global">
      <attribute name="0201b59e-9abc-46cf-9b4c-00032fbde448" type="date" public-name="date_of_claim" user-created="true" entity-override="true">
        <text>
          <base>the date of claim</base>
        </text>
      </attribute>
      <attribute name="e1959a03-ae91-4f59-889e-6028cdad744d" type="date" public-name="dob_policy_holder" user-created="true" entity-override="true">
        <text>
          <base>the policy holder's date of birth</base>
        </text>
      </attribute>
      <attribute name="4e417241-fe0d-48bc-ae2e-329f24ee9a4d" type="boolean" public-name="multiple_passengers" user-created="true" entity-override="true">
        <text>
          <base>multiple passengers were involved</base>
          <parse>s(ver('12.2.1.0'),v(involve,t(simple,past,normal)),ob('multiple passengers',plural))</parse>
        </text>
      </attribute>
      <attribute name="5debf8a1-be42-4ac5-8400-94a7a0f50e01" type="date" public-name="date_policy_inception" user-created="true" entity-override="true">
        <text>
          <base>the inception date of the policy</base>
        </text>
      </attribute>
      <attribute name="5100a344-c074-4234-a988-ce1cdda1d86f" type="date" public-name="dob_driver" user-created="true" entity-override="true">
        <text>
          <base>the driver's date of birth</base>
        </text>
      </attribute>
      <attribute name="2f7d309f-ecbd-4ce1-861a-85de8e058744" type="boolean" public-name="adverse_driver_flag" user-created="true" entity-override="true">
        <text>
          <base>the adverse driver flag is set</base>
          <parse>s(ver('12.2.1.0'),v(set,t(simple,present,normal)),ob('the adverse driver flag',singular))</parse>
        </text>
      </attribute>
      <attribute name="6c7b8dfa-3d1c-4524-a0cf-3309f1932b8e" type="number" public-name="impact_speed" user-created="true" entity-override="true">
        <text>
          <base>the impact speed</base>
        </text>
      </attribute>
      <attribute name="ad912030-91ae-4c96-aa9e-bbf1bc511743" type="boolean" public-name="injury_flag" user-created="true" entity-override="true">
        <text>
          <base>the injury flag is set</base>
          <parse>s(ver('12.2.1.0'),v(set,t(simple,present,normal)),ob('the injury flag',singular))</parse>
        </text>
      </attribute>
      <attribute name="785c214c-100d-4c90-b2d6-cb9e44ff21f2" type="date" public-name="date_last_MTA" user-created="true" entity-override="true">
        <text>
          <base>the last MTA date</base>
        </text>
      </attribute>
      <attribute name="d83e0bf8-d44e-4e1b-bcf1-e17c909ff295" type="number" public-name="time_since_event" user-created="true" entity-override="true">
        <text>
          <base>the time since the event</base>
        </text>
      </attribute>
      <attribute name="401ef3da-f1a0-478e-8f04-17c7d52fdeda" type="boolean" public-name="crime_reference_number_given" user-created="true" entity-override="true">
        <text>
          <base>the crime reference number has been given</base>
          <parse>s(ver('12.2.1.0'),v(give,t(simple,present,perfect)),ob('the crime reference number',singular))</parse>
        </text>
      </attribute>
      <attribute name="bffb4c6a-fc42-48fd-8aea-1bd2bbb5b84f" type="boolean" public-name="date_time_known" user-created="true" entity-override="true">
        <text>
          <base>the date and time are known</base>
          <parse>s(ver('12.2.1.0'),v(know,t(simple,present,normal)),ob('the date and time',plural))</parse>
        </text>
      </attribute>
      <attribute name="da42d5da-68b1-4b88-9c38-ca0119fd8a33" type="currency" public-name="vehicle_value" user-created="true" entity-override="true">
        <text>
          <base>the value of the vehicle</base>
        </text>
      </attribute>
      <attribute name="ea2b5ace-da54-46ec-a934-0afad772a429" type="boolean" public-name="personal_effects_claim" user-created="true" entity-override="true">
        <text>
          <base>a personal effects claim is involved</base>
          <parse>s(ver('12.2.1.0'),v(involve,t(simple,present,normal)),ob('a personal effects claim',singular))</parse>
        </text>
      </attribute>
      <attribute name="35020a0c-949e-4870-ab65-278dc1ec60cc" type="text" public-name="type_of_cover" user-created="true" entity-override="true">
        <text>
          <base>the type of cover</base>
        </text>
      </attribute>
      <attribute name="497eecc4-b807-4add-aa9e-83cd753e2dde" type="text" public-name="circumstance_code_description" user-created="true" entity-override="true">
        <text>
          <base>the circumstance code description</base>
        </text>
      </attribute>
      <attribute name="4a4fe8d1-aec4-4384-baa4-26c1a982ad9b" type="boolean" public-name="disclosure_previous_convictions" user-created="true" entity-override="true">
        <text>
          <base>previous convictions have been disclosed</base>
          <parse>s(ver('12.2.1.0'),v(be,t(simple,present,perfect)),sb('previous convictions',plural),o('disclosed'))</parse>
        </text>
      </attribute>
      <attribute name="e7c15a16-c468-4210-b898-af7d853cf558" type="boolean" public-name="disclosure_previous_claims" user-created="true" entity-override="true">
        <text>
          <base>previous claims have been disclosed</base>
          <parse>s(ver('12.2.1.0'),v(be,t(simple,present,perfect)),sb('previous claims',plural),o('disclosed'))</parse>
        </text>
      </attribute>
      <attribute name="07af41b1-d505-4cdb-ab67-f531d2219f7b" type="boolean" public-name="disclosure_modifications" user-created="true" entity-override="true">
        <text>
          <base>modifications have been disclosed</base>
          <parse>s(ver('12.2.1.0'),v(be,t(simple,present,perfect)),sb('modifications',plural),o('disclosed'))</parse>
        </text>
      </attribute>
      <attribute name="b1a52937-dde2-4cbd-a8bb-b79aa8b0d374" type="date" public-name="date_policy_renewal" user-created="true" entity-override="true">
        <text>
          <base>the renewal date of the policy</base>
        </text>
      </attribute>
      <attribute name="ab51ea0d-d377-4fbf-b24f-792e0cda9af4" type="number" public-name="total_fraud_score" user-created="true" entity-override="true">
        <text>
          <base>the Total Fraud Score</base>
        </text>
      </attribute>
      <attribute name="259ba021-1f2d-46ea-850f-52f0ec14209a" type="boolean" public-name="total_fraud_score_green" user-created="true" entity-override="true">
        <text>
          <base>the Total Fraud Score status green flag should be displayed</base>
          <parse>s(ver('12.2.1.0'),v(display+should,t(simple,modal,normal)),ob('the Total Fraud Score status green flag',singular))</parse>
        </text>
      </attribute>
      <attribute name="960e2c64-d6a1-4c5c-be7b-5a37bc782809" type="boolean" public-name="total_fraud_score_amber" user-created="true" entity-override="true">
        <text>
          <base>the Total Fraud Score status amber flag should be displayed</base>
          <parse>s(ver('12.2.1.0'),v(display+should,t(simple,modal,normal)),ob('the Total Fraud Score status amber flag',singular))</parse>
        </text>
      </attribute>
      <attribute name="1655ff08-31e1-48ed-9bec-fe969c7a4ff1" type="boolean" public-name="total_fraud_score_red" user-created="true" entity-override="true">
        <text>
          <base>the Total Fraud Score status red flag should be displayed</base>
          <parse>s(ver('12.2.1.0'),v(display+should,t(simple,modal,normal)),ob('the Total Fraud Score status red flag',singular))</parse>
        </text>
      </attribute>
      <attribute name="fda035a2-0150-4009-9eac-4c84dc22ffb2" type="boolean" public-name="young_driver_fronting_suspected" user-created="true" entity-override="true">
        <text>
          <base>young driver fronting is suspected</base>
          <parse>s(ver('12.2.1.0'),v(be,t(simple,present,normal)),sb('young driver fronting',singular),o('suspected'))</parse>
        </text>
      </attribute>
      <attribute name="d5ecdbae-a620-409c-b004-ff18cb408ad1" type="number" default-gender="Neuter" entity-override="true">
        <text>
          <base>the number of days since inception</base>
        </text>
      </attribute>
      <attribute name="130de6b9-da7f-48f8-aa21-de847b80157e" type="number" default-gender="Neuter" entity-override="true">
        <text>
          <base>the number of days to renewal</base>
        </text>
      </attribute>
      <attribute name="8c7d4bc5-3528-4d3e-b90d-c0f223879a50" type="number" default-gender="Neuter" entity-override="true">
        <text>
          <base>the number of days since MTA</base>
        </text>
      </attribute>
      <attribute name="8fa0abb0-b844-48ce-9318-01b6b9e30f33" type="number" default-gender="Neuter" entity-override="true">
        <text>
          <base>the number of years between the driver's age and the policy holder's age</base>
        </text>
      </attribute>
      <attribute name="41282c98-f95a-4f40-97e7-1797167e8d6d" type="number" default-gender="Neuter" entity-override="true">
        <text>
          <base>the year when the claim was lodged</base>
        </text>
      </attribute>
      <attribute name="a0bb45d3-f226-4a20-aca9-c715cb3c465d" type="number" default-gender="Neuter" entity-override="true">
        <text>
          <base>the number of fraud points (days since inception)</base>
        </text>
      </attribute>
      <attribute name="849626f3-796c-4638-a7b9-0dcc8bf5644a" type="number" default-gender="Neuter" entity-override="true">
        <text>
          <base>the number of fraud points (days since MTA)</base>
        </text>
      </attribute>
      <attribute name="7275a1cf-337b-482c-98df-5fff8a890ce4" type="number" default-gender="Neuter" entity-override="true">
        <text>
          <base>the number of fraud points (days to renewal)</base>
        </text>
      </attribute>
      <attribute name="a15e8878-d1a8-4063-a3bd-20e46566c1e3" type="number" default-gender="Neuter" entity-override="true">
        <text>
          <base>the number of fraud points (cover and value)</base>
        </text>
      </attribute>
      <attribute name="98dc3551-c591-4dce-b166-7b3d0818226d" type="number" default-gender="Neuter" entity-override="true">
        <text>
          <base>the number of fraud points (modifications disclosed)</base>
        </text>
      </attribute>
      <attribute name="55cd23db-4c53-497e-9dae-34fe803169c8" type="number" default-gender="Neuter" entity-override="true">
        <text>
          <base>the number of fraud points (previous claims disclosed)</base>
        </text>
      </attribute>
      <attribute name="ded9647f-5055-489a-b1ee-3ea5abe6133e" type="number" default-gender="Neuter" entity-override="true">
        <text>
          <base>the number of fraud points (previous convictions disclosed)</base>
        </text>
      </attribute>
      <attribute name="fe021ec7-38bf-4818-bfd0-46ba5b980bc2" type="number" default-gender="Neuter" entity-override="true">
        <text>
          <base>the number of fraud points (adverse drivers flag)</base>
        </text>
      </attribute>
      <attribute name="c25c2a6b-b54a-4dbe-9f4e-e78388981d43" type="number" default-gender="Neuter" entity-override="true">
        <text>
          <base>the number of fraud points (speed and personal injury)</base>
        </text>
      </attribute>
      <attribute name="6382d9b1-793f-44fb-8835-4182c67bab2e" type="number" default-gender="Neuter" entity-override="true">
        <text>
          <base>the circumstance code</base>
        </text>
      </attribute>
      <attribute name="f19d7a76-87a6-4478-8906-2c0beb24acc3" type="number" default-gender="Neuter" entity-override="true">
        <text>
          <base>the number of fraud points (circumstance code)</base>
        </text>
      </attribute>
      <attribute name="20335f84-4579-44f2-aeb4-21e83ed7ef5c" type="number" default-gender="Neuter" entity-override="true">
        <text>
          <base>the number of fraud points (date and time)</base>
        </text>
      </attribute>
      <attribute name="83bb0ba1-f4f7-4ba9-8656-f845844df6c3" type="number" default-gender="Neuter" entity-override="true">
        <text>
          <base>the number of fraud points (multiple passengers)</base>
        </text>
      </attribute>
      <attribute name="92917b9c-6f30-44fa-99fd-9ff6231f0f20" type="number" default-gender="Neuter" entity-override="true">
        <text>
          <base>the number of fraud points (crime number and time since event)</base>
        </text>
      </attribute>
      <attribute name="bc1c8d5b-3477-4e6d-93d8-bfa9ab13e585" type="number" default-gender="Neuter" entity-override="true">
        <text>
          <base>the number of fraud points (young driver fronting)</base>
        </text>
      </attribute>
      <attribute name="077fc32a-2ad5-4aa9-993e-c7643c37607e" type="number" default-gender="Neuter" entity-override="true">
        <text>
          <base>the number of fraud points (personal effects claim)</base>
        </text>
      </attribute>
      <attribute name="dce6c092-df1c-4105-9aed-ef31a0cd2862" type="number" default-gender="Neuter" entity-override="true">
        <text>
          <base>the number of fraud points (crime ref, time, personal effects)</base>
        </text>
      </attribute>
      <attribute name="fcfffa92-023c-41da-9cb7-dfe3a1172236" type="number" default-gender="Neuter" entity-override="true">
        <text>
          <base>the number of fraud points (inception, cover, value)</base>
        </text>
      </attribute>
      <attribute name="df813afe-16cf-4c3e-973a-a81b45e1509a" type="number" default-gender="Neuter" entity-override="true">
        <text>
          <base>the number of fraud points (MTA, cover, value)</base>
        </text>
      </attribute>
      <attribute name="2cb8ac34-8fcf-42cf-b8b2-32a78ac109b4" type="number" default-gender="Neuter" entity-override="true">
        <text>
          <base>the number of fraud points (cover, value, mods, young driver)</base>
        </text>
      </attribute>
      <attribute name="67312c2d-01db-49ad-8d58-1010102cdfb9" type="number" default-gender="Neuter" entity-override="true">
        <text>
          <base>the number of fraud points (inception, speed, injury, multi passengers)</base>
        </text>
      </attribute>
      <attribute name="828168d8-095d-48ce-aec1-b3190ca6df6c" type="number" default-gender="Neuter" entity-override="true">
        <text>
          <base>the number of fraud points (cover, value, adverse drivers flag)</base>
        </text>
      </attribute>
      <attribute name="2e72b25d-c931-40de-878e-9e7ff9de9c1e" type="number" default-gender="Neuter" entity-override="true">
        <text>
          <base>the number of fraud points (speed, injury, circumstance, multi passengers)</base>
        </text>
      </attribute>
      <attribute name="0fbaede5-84d4-4044-a414-051f11fc87fa" type="number" default-gender="Neuter" entity-override="true">
        <text>
          <base>the number of fraud points for previous fraud scores</base>
        </text>
      </attribute>
      <attribute name="4c5bdb2d-f4c0-4b41-be0a-68c749f9f4db" type="number" default-gender="Neuter" entity-override="true">
        <text>
          <base>the previous fraud score average</base>
        </text>
      </attribute>
      <attribute name="d5d51907-7a2a-45e2-bce5-6eb0d51d83d7" type="number" default-gender="Neuter" entity-override="true">
        <text>
          <base>the number of previous claims</base>
        </text>
      </attribute>
      <attribute name="27f0a57d-0859-4024-ace7-4f0ece1b5cd7" type="number" default-gender="Neuter" entity-override="true">
        <text>
          <base>the previous fraud scores total</base>
        </text>
      </attribute>
    </entity>
    <entity id="4066453b-8fd2-43dd-95e9-37335e9b2d74" name="the previous claim" containment-relationship-id="1499d2d1-1b04-4ec8-95b4-0daff49d2800" containment-parent-id="global" public-id="previousclaim" identifying-attribute-name="d892a4fe-0b86-4d04-836c-060f06a4b039">
      <attribute name="47451588-e38e-445e-bf5d-78d1d94bc2a1" type="number" public-name="total_fraud_score_prev" user-created="true" entity-override="true">
        <text>
          <base>the Total Fraud Score of the previous claim</base>
        </text>
      </attribute>
      <attribute name="d892a4fe-0b86-4d04-836c-060f06a4b039" type="text" substitutable="true" user-created="true" entity-override="true">
        <text>
          <base>the previous claim</base>
        </text>
      </attribute>
    </entity>
  </entities>
  <relationships>
    <relationship relationship-id="1499d2d1-1b04-4ec8-95b4-0daff49d2800" reverse-relationship-id="055151cf-411e-4cd5-aa34-d7ad75b1250d" source="global" target="4066453b-8fd2-43dd-95e9-37335e9b2d74" is-containment="true" public-id="allinstancesofthepreviousclaim" reverse-public-id="" text="all instances of the previous claim" reverse-text="" type="OneToMany" is-computed="false" />
  </relationships>
  <rule-folders />
  <rules />
</root>