<?xml version="1.0" encoding="utf-8"?><rulebase region="en-AU" timezone="Etc/GMT"><entity text="Global" name="global" has-public-name="true" can-load-externally="false" singleton="true"><attribute name="existing_plan" has-public-name="true" type="Text" /><attribute name="future_plan" has-public-name="true" type="Text" /><attribute name="voicemail_service_action" has-public-name="true" type="Text" /><attribute name="online_billing_service_action" has-public-name="true" type="Text" /><attribute name="twentyfour_hour_support_service_action" has-public-name="true" type="Text" /><attribute name="priority_service_action" has-public-name="true" type="Text" /><attribute name="hide_voicemail_service" has-public-name="true" type="Boolean" /><attribute name="hide_online_billing_service" has-public-name="true" type="Boolean" /><attribute name="hide_24hr_support_service" has-public-name="true" type="Boolean" /><attribute name="hide_priority_service" has-public-name="true" type="Boolean" /><attribute name="3e676b3b-8e51-4720-a420-066c51851476" has-public-name="false" type="Boolean" /><attribute name="f0412404-6fc8-46e0-a1cf-d47f83d40be3" has-public-name="false" type="Boolean" /><attribute name="6be25ebb-26d3-41e6-b866-bb3cd5e0f04e" has-public-name="false" type="Boolean" /><attribute name="096484da-baab-4def-9cbb-3d97b78a7313" has-public-name="false" type="Boolean" /><attribute name="22e98e91-fb66-4b88-8569-fb599550979b" has-public-name="false" type="Boolean" /><attribute name="b8b30a2d-24ae-4cba-9e0b-24cbb6834fcd" has-public-name="false" type="Boolean" /><attribute name="3ccf85fd-69ec-4a0e-b135-81bae8f4b87e" has-public-name="false" type="Boolean" /><attribute name="6e9c5582-b7e8-449e-af24-59b05080998d" has-public-name="false" type="Boolean" /></entity><entity text="the service" name="service" has-public-name="true" can-load-externally="false" singleton="false" identifying-attribute-name="service_name"><attribute name="service_name" has-public-name="true" type="Text" /><attribute name="service_status" has-public-name="true" type="Text" /><attribute name="service_existed_previously" has-public-name="true" type="Boolean" /><attribute name="service_required_in_future" has-public-name="true" type="Boolean" /></entity><relationship relationship-id="all-services" has-public-name="true" relationship-text="the services" reverse-relationship-id="2587e35b-6fc5-4fe8-8e4f-90c278e44748" has-reverse-public-name="false" source="global" target="service" type="OneToMany" is-containment="true" /><relationship relationship-id="77d8d45d-0702-4166-aaba-e6c95b16fb63" has-public-name="false" relationship-text="the future services" reverse-relationship-id="66a76f11-e8fb-4bec-aa53-381032cc926a" has-reverse-public-name="false" reverse-relationship-text="the customer who has this as a future service" source="global" target="service" type="OneToMany" is-containment="false" /><relationship relationship-id="98e59d19-f720-4f8d-ad88-202faa421c70" has-public-name="false" relationship-text="the existing services" reverse-relationship-id="81cbfd30-86fb-4c17-9323-02f4df5393cf" has-reverse-public-name="false" reverse-relationship-text="the customer who has this as an existing service" source="global" target="service" type="OneToMany" is-containment="false" /><rules module="ServiceDelta:78EF51B839C7145B96E60E653A5465E0"><conclude attr-id="3e676b3b-8e51-4720-a420-066c51851476" entity-id="global" scope-id="global0"><value><true-value /></value><condition><or><equals><attribute attr-id="existing_plan" /><string-value>HOMEPLAN1</string-value></equals><equals><attribute attr-id="existing_plan" /><string-value>HOMEPLAN2</string-value></equals><equals><attribute attr-id="existing_plan" /><string-value>MOBILEPLAN1</string-value></equals><equals><attribute attr-id="existing_plan" /><string-value>MOBILEPLAN2</string-value></equals><equals><attribute attr-id="existing_plan" /><string-value>EXECUTIVEPLAN</string-value></equals></or></condition><otherwise><false-value /></otherwise></conclude><conclude attr-id="f0412404-6fc8-46e0-a1cf-d47f83d40be3" entity-id="global" scope-id="global0"><value><true-value /></value><condition><or><equals><attribute attr-id="existing_plan" /><string-value>MOBILEPLAN1</string-value></equals><equals><attribute attr-id="existing_plan" /><string-value>MOBILEPLAN2</string-value></equals><equals><attribute attr-id="existing_plan" /><string-value>EXECUTIVEPLAN</string-value></equals></or></condition><otherwise><false-value /></otherwise></conclude><conclude attr-id="6be25ebb-26d3-41e6-b866-bb3cd5e0f04e" entity-id="global" scope-id="global0"><value><true-value /></value><condition><or><equals><attribute attr-id="existing_plan" /><string-value>HOMEPLAN2</string-value></equals><equals><attribute attr-id="existing_plan" /><string-value>MOBILEPLAN2</string-value></equals><equals><attribute attr-id="existing_plan" /><string-value>EXECUTIVEPLAN</string-value></equals></or></condition><otherwise><false-value /></otherwise></conclude><conclude attr-id="096484da-baab-4def-9cbb-3d97b78a7313" entity-id="global" scope-id="global0"><value><true-value /></value><condition><equals><attribute attr-id="existing_plan" /><string-value>EXECUTIVEPLAN</string-value></equals></condition><otherwise><false-value /></otherwise></conclude><table-conclude entity-id="global" scope-id="global0"><condition-col><rows><condition><attribute attr-id="3e676b3b-8e51-4720-a420-066c51851476" /></condition><condition><attribute attr-id="f0412404-6fc8-46e0-a1cf-d47f83d40be3" /></condition><condition><attribute attr-id="6be25ebb-26d3-41e6-b866-bb3cd5e0f04e" /></condition><condition><attribute attr-id="096484da-baab-4def-9cbb-3d97b78a7313" /></condition></rows></condition-col><conclusion-col relationship-id="98e59d19-f720-4f8d-ad88-202faa421c70"><value><string-value>Voicemail</string-value></value><value><string-value>Online billing</string-value></value><value><string-value>24 hour support</string-value></value><value><string-value>Priority service</string-value></value></conclusion-col></table-conclude><conclude attr-id="22e98e91-fb66-4b88-8569-fb599550979b" entity-id="global" scope-id="global0"><value><true-value /></value><condition><or><equals><attribute attr-id="future_plan" /><string-value>HOMEPLAN1</string-value></equals><equals><attribute attr-id="future_plan" /><string-value>HOMEPLAN2</string-value></equals><equals><attribute attr-id="future_plan" /><string-value>MOBILEPLAN1</string-value></equals><equals><attribute attr-id="future_plan" /><string-value>MOBILEPLAN2</string-value></equals><equals><attribute attr-id="future_plan" /><string-value>EXECUTIVEPLAN</string-value></equals></or></condition><otherwise><false-value /></otherwise></conclude><conclude attr-id="b8b30a2d-24ae-4cba-9e0b-24cbb6834fcd" entity-id="global" scope-id="global0"><value><true-value /></value><condition><or><equals><attribute attr-id="future_plan" /><string-value>MOBILEPLAN1</string-value></equals><equals><attribute attr-id="future_plan" /><string-value>MOBILEPLAN2</string-value></equals><equals><attribute attr-id="future_plan" /><string-value>EXECUTIVEPLAN</string-value></equals></or></condition><otherwise><false-value /></otherwise></conclude><conclude attr-id="3ccf85fd-69ec-4a0e-b135-81bae8f4b87e" entity-id="global" scope-id="global0"><value><true-value /></value><condition><or><equals><attribute attr-id="future_plan" /><string-value>HOMEPLAN2</string-value></equals><equals><attribute attr-id="future_plan" /><string-value>MOBILEPLAN2</string-value></equals><equals><attribute attr-id="future_plan" /><string-value>EXECUTIVEPLAN</string-value></equals></or></condition><otherwise><false-value /></otherwise></conclude><conclude attr-id="6e9c5582-b7e8-449e-af24-59b05080998d" entity-id="global" scope-id="global0"><value><true-value /></value><condition><equals><attribute attr-id="future_plan" /><string-value>EXECUTIVEPLAN</string-value></equals></condition><otherwise><false-value /></otherwise></conclude><table-conclude entity-id="global" scope-id="global0"><condition-col><rows><condition><attribute attr-id="22e98e91-fb66-4b88-8569-fb599550979b" /></condition><condition><attribute attr-id="b8b30a2d-24ae-4cba-9e0b-24cbb6834fcd" /></condition><condition><attribute attr-id="3ccf85fd-69ec-4a0e-b135-81bae8f4b87e" /></condition><condition><attribute attr-id="6e9c5582-b7e8-449e-af24-59b05080998d" /></condition></rows></condition-col><conclusion-col relationship-id="77d8d45d-0702-4166-aaba-e6c95b16fb63"><value><string-value>Voicemail</string-value></value><value><string-value>Online billing</string-value></value><value><string-value>24 hour support</string-value></value><value><string-value>Priority service</string-value></value></conclusion-col></table-conclude><table-conclude entity-id="service" scope-id="ent0_0"><condition-col><rows><condition><and><not><attribute attr-id="service_existed_previously" /></not><attribute attr-id="service_required_in_future" /></and></condition><condition><and><attribute attr-id="service_existed_previously" /><not><attribute attr-id="service_required_in_future" /></not></and></condition><empty /></rows></condition-col><conclusion-col attr-id="service_status"><value><string-value>started</string-value></value><value><string-value>stopped</string-value></value><value><string-value>retained</string-value></value></conclusion-col></table-conclude><conclude attr-id="service_existed_previously" entity-id="service" scope-id="ent0_0"><value><true-value /></value><condition><greater-than><instance-count><relationship relationship-id="81cbfd30-86fb-4c17-9323-02f4df5393cf" /></instance-count><number-value>0</number-value></greater-than></condition><otherwise><false-value /></otherwise></conclude><conclude attr-id="service_required_in_future" entity-id="service" scope-id="ent0_0"><value><true-value /></value><condition><greater-than><instance-count><relationship relationship-id="66a76f11-e8fb-4bec-aa53-381032cc926a" /></instance-count><number-value>0</number-value></greater-than></condition><otherwise><false-value /></otherwise></conclude><conclude attr-id="voicemail_service_action" entity-id="global" scope-id="global0"><value><instance-value-if scope-id="ent0_0"><relationship relationship-id="all-services" /><attribute attr-id="service_status" /><equals><attribute attr-id="service_name" /><string-value>Voicemail</string-value></equals></instance-value-if></value></conclude><conclude attr-id="hide_voicemail_service" entity-id="global" scope-id="global0"><value><true-value /></value><condition><uncertain><attribute attr-id="voicemail_service_action" /></uncertain></condition><otherwise><false-value /></otherwise></conclude><conclude attr-id="online_billing_service_action" entity-id="global" scope-id="global0"><value><instance-value-if scope-id="ent0_0"><relationship relationship-id="all-services" /><attribute attr-id="service_status" /><equals><attribute attr-id="service_name" /><string-value>Online billing</string-value></equals></instance-value-if></value></conclude><conclude attr-id="hide_online_billing_service" entity-id="global" scope-id="global0"><value><true-value /></value><condition><uncertain><attribute attr-id="online_billing_service_action" /></uncertain></condition><otherwise><false-value /></otherwise></conclude><conclude attr-id="twentyfour_hour_support_service_action" entity-id="global" scope-id="global0"><value><instance-value-if scope-id="ent0_0"><relationship relationship-id="all-services" /><attribute attr-id="service_status" /><equals><attribute attr-id="service_name" /><string-value>24 hour support</string-value></equals></instance-value-if></value></conclude><conclude attr-id="hide_24hr_support_service" entity-id="global" scope-id="global0"><value><true-value /></value><condition><uncertain><attribute attr-id="twentyfour_hour_support_service_action" /></uncertain></condition><otherwise><false-value /></otherwise></conclude><conclude attr-id="priority_service_action" entity-id="global" scope-id="global0"><value><instance-value-if scope-id="ent0_0"><relationship relationship-id="all-services" /><attribute attr-id="service_status" /><equals><attribute attr-id="service_name" /><string-value>Priority service</string-value></equals></instance-value-if></value></conclude><conclude attr-id="hide_priority_service" entity-id="global" scope-id="global0"><value><true-value /></value><condition><uncertain><attribute attr-id="priority_service_action" /></uncertain></condition><otherwise><false-value /></otherwise></conclude></rules></rulebase>