<?xml version="1.0" encoding="utf-8"?><rulebase region="en-AU" timezone="Australia/Sydney"><entity text="Global" name="global" has-public-name="true" can-load-externally="false" singleton="true"><attribute name="loan_type" has-public-name="true" type="Text"><enumeration-list ref-id="762f3027-781e-4e46-8b8e-84dd8e02c384" /></attribute><attribute name="loan_purchase_price" has-public-name="true" type="Currency" /><attribute name="loan_down_payment" has-public-name="true" type="Currency" /><attribute name="0d65e2eb-a2f6-4393-a540-56b7fb9b65e6" has-public-name="false" type="Currency" /><attribute name="loan_selected_package" has-public-name="true" type="Text"><enumeration-list ref-id="833daf01-90a3-487e-81d3-0ca5dadeb7b5" /></attribute><attribute name="effective_rate" has-public-name="true" type="Text" /><attribute name="loan_extrapayment" has-public-name="true" type="Boolean" /><attribute name="loan_extrapayment_amount" has-public-name="true" type="Currency" /><attribute name="loan_interest_rate" has-public-name="true" type="Number" /><attribute name="net_worth" has-public-name="true" type="Currency" /><attribute name="default_downpayment" has-public-name="true" type="Currency" /><attribute name="loan_duration" has-public-name="true" type="Text" /><attribute name="total_interest" has-public-name="true" type="Currency" /><attribute name="default_price" has-public-name="true" type="Currency" /><attribute name="minimum_repayment" has-public-name="true" type="Currency" silent="true" /><attribute name="total_repayment" has-public-name="true" type="Currency" /><attribute name="customer_age" has-public-name="true" type="Number" /><attribute name="customer_employed" has-public-name="true" type="Boolean" /><attribute name="goal_eligible" has-public-name="true" type="Boolean" /><attribute name="customer_previous_default_creditcard" has-public-name="true" type="Boolean" /><attribute name="customer_previous_default_loan" has-public-name="true" type="Boolean" /><attribute name="customer_bankrupt" has-public-name="true" type="Boolean" /><attribute name="customer_resident" has-public-name="true" type="Boolean" /><attribute name="customer_job_period" has-public-name="true" type="Text" /><attribute name="loan_package" has-public-name="true" type="Text" /><attribute name="33c27507-a873-4c5c-ae66-61f6f9ae5645" has-public-name="false" type="Boolean" /><attribute name="fe8a983d-3711-4f19-82e6-d0649a2a8af8" has-public-name="false" type="Boolean" /><attribute name="b8f54e28-502a-4f11-9f19-92cb1f79fa01" has-public-name="false" type="Number" /><attribute name="1011b298-ec4a-4339-b219-04fb5a432d85" has-public-name="false" type="Number" /><attribute name="cb37cf7c-34e4-4f09-862b-bbfd063ea826" has-public-name="false" type="Boolean" /><attribute name="da47d52d-2188-4c0d-9463-3c324c87c3c5" has-public-name="false" type="Boolean" /><attribute name="513393b2-c60d-4e51-be91-bef2733b2712" has-public-name="false" type="Boolean" /><attribute name="f9d063bb-54ad-4217-b764-03315d8bc96e" has-public-name="false" type="Boolean" /><attribute name="b48ae95f-3634-4e28-8521-ea8a44d74bcd" has-public-name="false" type="Boolean" /><attribute name="f444c6e5-95cb-4716-a391-a4bd070f7fae" has-public-name="false" type="Boolean" /><attribute name="5a2b6cbe-4ac0-48c8-80c4-9f55a6507d69" has-public-name="false" type="Boolean" /><attribute name="508179d3-ce97-452c-a6e6-2654e4329cf1" has-public-name="false" type="Boolean" /><attribute name="4434fa87-c438-43b0-b313-904ec4a8de0a" has-public-name="false" type="Number" /><attribute name="0aa23588-77ae-44d1-9644-9b6f04f45a9e" has-public-name="false" type="Currency" /><attribute name="c306d5ae-522e-4b63-bedf-44b17e509802" has-public-name="false" type="Currency" /><attribute name="3046f3d9-aeca-450c-a2cb-20f1c1567a73" has-public-name="false" type="Number" /><attribute name="e17001d6-b16c-415d-8187-f03216fd4c20" has-public-name="false" type="Number" /><attribute name="2e6c192e-de46-48bd-b1ae-059d75d08a9c" has-public-name="false" type="Currency" /><attribute name="a59a50e4-9195-487a-80db-5bd4891bdd29" has-public-name="false" type="Number" /><attribute name="6bc6de50-e968-4580-8788-5e570b2c7e7b" has-public-name="false" type="Currency" /></entity><entity text="the asset" name="asset" has-public-name="true" can-load-externally="false" singleton="false" identifying-attribute-name="asset_name"><attribute name="asset_name" has-public-name="true" type="Text" /><attribute name="asset_type" has-public-name="true" type="Text"><enumeration-list ref-id="ad384c8b-2f04-4ac9-a96d-fdef00168266" /></attribute><attribute name="asset_value" has-public-name="true" type="Currency" /><attribute name="9fe44711-7f12-4fa3-9f87-f076fdd2e736" has-public-name="false" type="Currency" /></entity><entity text="the liability" name="liability" has-public-name="true" can-load-externally="false" singleton="false" identifying-attribute-name="liability_name"><attribute name="liability_name" has-public-name="true" type="Text" /><attribute name="liability_type" has-public-name="true" type="Text"><enumeration-list ref-id="92bc4bc5-04d7-4f97-93ea-fcd6b5739c13" /></attribute><attribute name="liability_value" has-public-name="true" type="Currency" /><attribute name="8c97d5d6-864f-4adc-91cf-befdcdc466b4" has-public-name="false" type="Currency" /></entity><entity text="the payment" name="payment" has-public-name="true" can-load-externally="false" singleton="false" identifying-attribute-name="payment_ID"><attribute name="payment_balance" has-public-name="true" type="Currency" /><attribute name="payment_ID" has-public-name="true" type="Number" /><attribute name="payment_amount" has-public-name="true" type="Currency" /><attribute name="463eb14e-4a3f-4c68-abc2-d592c81baa58" has-public-name="false" type="Currency" /><attribute name="126c6d65-2364-4ac0-9928-3d55ca39e5c6" has-public-name="false" type="Currency" /><attribute name="dde8db23-5c79-4117-b203-6a419c631d30" has-public-name="false" type="Currency" /><attribute name="93483d04-6847-4618-aff6-b4feb9bd25be" has-public-name="false" type="Currency" /></entity><entity text="the income source" name="income_source" has-public-name="true" can-load-externally="false" singleton="false" identifying-attribute-name="income_source_name"><attribute name="income_source_name" has-public-name="true" type="Text" /><attribute name="income_source_amount" has-public-name="true" type="Currency" /><attribute name="income_source_frequency" has-public-name="true" type="Text" /><attribute name="c4ce4885-ddf2-4bf7-9065-77ba112b4258" has-public-name="false" type="Currency" /></entity><relationship relationship-id="assets" has-public-name="true" relationship-text="all instances of the asset" reverse-relationship-id="bc386ddc-4a90-4ffa-802f-af97878597df" has-reverse-public-name="false" source="global" target="asset" silent-if-known="true" invisible-if-known="true" type="OneToMany" is-containment="true" /><relationship relationship-id="liabilities" has-public-name="true" relationship-text="all instances of the liability" reverse-relationship-id="17a77765-7068-4b87-a952-77a83bf03c87" has-reverse-public-name="false" source="global" target="liability" silent-if-known="true" invisible-if-known="true" type="OneToMany" is-containment="true" /><relationship relationship-id="payments" has-public-name="true" relationship-text="all instances of the payment" reverse-relationship-id="3f0c7b04-901d-4616-8c0a-84ce817d4ca3" has-reverse-public-name="false" source="global" target="payment" silent-if-known="true" invisible-if-known="true" type="OneToMany" is-containment="true" /><relationship relationship-id="first_payment" has-public-name="true" relationship-text="the first payment" reverse-relationship-id="7b238634-3393-48eb-a01c-c1231b0c39e9" has-reverse-public-name="false" source="global" target="payment" silent-if-known="true" invisible-if-known="true" type="OneToOne" is-containment="false" /><relationship relationship-id="next_payment" has-public-name="true" relationship-text="the next payment" reverse-relationship-id="previous_payment" has-reverse-public-name="true" reverse-relationship-text="the previous payment" source="payment" target="payment" silent-if-known="true" invisible-if-known="true" type="OneToOne" is-containment="false" /><relationship relationship-id="income_sources" has-public-name="true" relationship-text="all instances of the income source" reverse-relationship-id="03ffac26-d4f3-4d6f-bb59-ce0e592fa491" has-reverse-public-name="false" source="global" target="income_source" silent-if-known="true" invisible-if-known="true" type="OneToMany" is-containment="true" /><rules module="Loan Advisor:54BCEC9779EB9C6846DEEF9F2E3943B3"><conclude attr-id="effective_rate" entity-id="global" scope-id="global0"><value><plus><text><attribute attr-id="loan_interest_rate" /></text><string-value>% p.a.</string-value></plus></value></conclude><table-conclude entity-id="global" scope-id="global0"><condition-col><rows><condition><or><unknown><attribute attr-id="loan_selected_package" /></unknown><uncertain><attribute attr-id="loan_selected_package" /></uncertain></or></condition><condition><equals><attribute attr-id="loan_selected_package" /><string-value>fixed5</string-value></equals></condition><empty /></rows></condition-col><conclusion-col attr-id="loan_package"><value><string-value /></value><value><string-value>5 year fixed</string-value></value><value><string-value>Variable</string-value></value></conclusion-col></table-conclude><conclude attr-id="loan_duration" entity-id="global" scope-id="global0"><value><plus><plus><plus><text><round><attribute attr-id="b8f54e28-502a-4f11-9f19-92cb1f79fa01" /><number-value>0</number-value></round></text><string-value><![CDATA[ yrs ]]></string-value></plus><text><modulo><attribute attr-id="1011b298-ec4a-4339-b219-04fb5a432d85" /><number-value>12</number-value></modulo></text></plus><string-value><![CDATA[ mths]]></string-value></plus></value></conclude><table-conclude entity-id="global" scope-id="global0"><condition-col><rows><condition><or><unknown><attribute attr-id="loan_type" /></unknown><uncertain><attribute attr-id="loan_type" /></uncertain></or></condition><condition><equals><attribute attr-id="loan_type" /><string-value>Home</string-value></equals></condition><condition><equals><attribute attr-id="loan_type" /><string-value>Car</string-value></equals></condition><empty /></rows></condition-col><conclusion-col attr-id="default_price"><value><number-value>0</number-value></value><value><number-value>500000</number-value></value><value><number-value>40000</number-value></value><value><number-value>100000</number-value></value></conclusion-col></table-conclude><conclude attr-id="default_downpayment" entity-id="global" scope-id="global0"><value><multiply><attribute attr-id="loan_purchase_price" /><number-value>0.2</number-value></multiply></value></conclude><table-conclude entity-id="asset" scope-id="ent0_0"><condition-col><rows><condition><certain><attribute attr-id="asset_value" /></certain></condition><empty /></rows></condition-col><conclusion-col attr-id="9fe44711-7f12-4fa3-9f87-f076fdd2e736"><value><attribute attr-id="asset_value" /></value><value><number-value>0</number-value></value></conclusion-col></table-conclude><table-conclude entity-id="liability" scope-id="ent1_0"><condition-col><rows><condition><certain><attribute attr-id="liability_value" /></certain></condition><empty /></rows></condition-col><conclusion-col attr-id="8c97d5d6-864f-4adc-91cf-befdcdc466b4"><value><attribute attr-id="liability_value" /></value><value><number-value>0</number-value></value></conclusion-col></table-conclude><conclude attr-id="33c27507-a873-4c5c-ae66-61f6f9ae5645" entity-id="global" scope-id="global0"><value><true-value /></value><condition><not-equals><attribute attr-id="customer_job_period" /><string-value>less than 6 months</string-value></not-equals></condition><otherwise><false-value /></otherwise></conclude><conclude attr-id="fe8a983d-3711-4f19-82e6-d0649a2a8af8" entity-id="global" scope-id="global0"><value><true-value /></value><condition><equals><attribute attr-id="customer_job_period" /><string-value>2 years or more</string-value></equals></condition><otherwise><false-value /></otherwise></conclude><conclude attr-id="goal_eligible" entity-id="global" scope-id="global0"><value><true-value /></value><condition><and><attribute attr-id="cb37cf7c-34e4-4f09-862b-bbfd063ea826" /><attribute attr-id="da47d52d-2188-4c0d-9463-3c324c87c3c5" /><attribute attr-id="513393b2-c60d-4e51-be91-bef2733b2712" /></and></condition><otherwise><false-value /></otherwise></conclude><conclude attr-id="cb37cf7c-34e4-4f09-862b-bbfd063ea826" entity-id="global" scope-id="global0"><value><true-value /></value><condition><and><greater-than-equals><attribute attr-id="customer_age" /><attribute attr-id="4434fa87-c438-43b0-b313-904ec4a8de0a" /></greater-than-equals><or><attribute attr-id="f9d063bb-54ad-4217-b764-03315d8bc96e" /><attribute attr-id="customer_resident" /></or><conclude attr-id="b48ae95f-3634-4e28-8521-ea8a44d74bcd" entity-id="global" scope-id="global0"><value><true-value /></value><condition><and><greater-than-equals><attribute attr-id="0d65e2eb-a2f6-4393-a540-56b7fb9b65e6" /><attribute attr-id="0aa23588-77ae-44d1-9644-9b6f04f45a9e" /></greater-than-equals><less-than-equals><attribute attr-id="0d65e2eb-a2f6-4393-a540-56b7fb9b65e6" /><attribute attr-id="c306d5ae-522e-4b63-bedf-44b17e509802" /></less-than-equals></and></condition><otherwise><false-value /></otherwise></conclude></and></condition><otherwise><false-value /></otherwise></conclude><conclude attr-id="da47d52d-2188-4c0d-9463-3c324c87c3c5" entity-id="global" scope-id="global0"><value><true-value /></value><condition><and><conclude attr-id="f444c6e5-95cb-4716-a391-a4bd070f7fae" entity-id="global" scope-id="global0"><value><true-value /></value><condition><or><and><attribute attr-id="customer_employed" /><attribute attr-id="fe8a983d-3711-4f19-82e6-d0649a2a8af8" /><less-than-equals><attribute attr-id="3046f3d9-aeca-450c-a2cb-20f1c1567a73" /><attribute attr-id="e17001d6-b16c-415d-8187-f03216fd4c20" /></less-than-equals></and><and><attribute attr-id="customer_employed" /><attribute attr-id="33c27507-a873-4c5c-ae66-61f6f9ae5645" /><less-than-equals><attribute attr-id="3046f3d9-aeca-450c-a2cb-20f1c1567a73" /><number-value>85</number-value></less-than-equals><less-than-equals><attribute attr-id="3046f3d9-aeca-450c-a2cb-20f1c1567a73" /><attribute attr-id="e17001d6-b16c-415d-8187-f03216fd4c20" /></less-than-equals></and><and><attribute attr-id="customer_employed" /><less-than-equals><attribute attr-id="3046f3d9-aeca-450c-a2cb-20f1c1567a73" /><number-value>80</number-value></less-than-equals><less-than-equals><attribute attr-id="3046f3d9-aeca-450c-a2cb-20f1c1567a73" /><attribute attr-id="e17001d6-b16c-415d-8187-f03216fd4c20" /></less-than-equals></and></or></condition><otherwise><false-value /></otherwise></conclude><conclude attr-id="5a2b6cbe-4ac0-48c8-80c4-9f55a6507d69" entity-id="global" scope-id="global0"><value><true-value /></value><condition><and><not><attribute attr-id="customer_previous_default_creditcard" /></not><not><attribute attr-id="customer_previous_default_loan" /></not><not><attribute attr-id="customer_bankrupt" /></not></and></condition><otherwise><false-value /></otherwise></conclude><conclude attr-id="508179d3-ce97-452c-a6e6-2654e4329cf1" entity-id="global" scope-id="global0"><value><true-value /></value><condition><greater-than><attribute attr-id="2e6c192e-de46-48bd-b1ae-059d75d08a9c" /><multiply><attribute attr-id="minimum_repayment" /><number-value>1.5</number-value></multiply></greater-than></condition><otherwise><false-value /></otherwise></conclude></and></condition><otherwise><false-value /></otherwise></conclude><conclude attr-id="513393b2-c60d-4e51-be91-bef2733b2712" entity-id="global" scope-id="global0"><value><true-value /></value><condition><greater-than><plus><attribute attr-id="net_worth" /><attribute attr-id="loan_purchase_price" /></plus><attribute attr-id="0d65e2eb-a2f6-4393-a540-56b7fb9b65e6" /></greater-than></condition><otherwise><false-value /></otherwise></conclude><conclude attr-id="0d65e2eb-a2f6-4393-a540-56b7fb9b65e6" entity-id="global" scope-id="global0"><value><minus><attribute attr-id="loan_purchase_price" /><attribute attr-id="loan_down_payment" /></minus></value></conclude><conclude attr-id="1011b298-ec4a-4339-b219-04fb5a432d85" entity-id="global" scope-id="global0"><value><instance-count-if scope-id="ent2_0"><relationship relationship-id="payments" /><not-equals><attribute attr-id="payment_amount" /><number-value>0</number-value></not-equals></instance-count-if></value></conclude><conclude attr-id="b8f54e28-502a-4f11-9f19-92cb1f79fa01" entity-id="global" scope-id="global0"><value><divide><attribute attr-id="1011b298-ec4a-4339-b219-04fb5a432d85" /><number-value>12</number-value></divide></value></conclude><conclude attr-id="3046f3d9-aeca-450c-a2cb-20f1c1567a73" entity-id="global" scope-id="global0"><value><multiply><divide><attribute attr-id="0d65e2eb-a2f6-4393-a540-56b7fb9b65e6" /><attribute attr-id="loan_purchase_price" /></divide><number-value>100</number-value></multiply></value></conclude><conclude attr-id="total_interest" entity-id="global" scope-id="global0"><value><round><instance-sum scope-id="ent2_0"><relationship relationship-id="payments" /><attribute attr-id="463eb14e-4a3f-4c68-abc2-d592c81baa58" /></instance-sum><number-value>0</number-value></round></value></conclude><conclude attr-id="2e6c192e-de46-48bd-b1ae-059d75d08a9c" entity-id="global" scope-id="global0"><value><instance-sum scope-id="ent3_0"><relationship relationship-id="income_sources" /><attribute attr-id="c4ce4885-ddf2-4bf7-9065-77ba112b4258" /></instance-sum></value></conclude><conclude attr-id="net_worth" entity-id="global" scope-id="global0"><value><minus><instance-sum scope-id="ent0_0"><relationship relationship-id="assets" /><attribute attr-id="9fe44711-7f12-4fa3-9f87-f076fdd2e736" /></instance-sum><instance-sum scope-id="ent1_0"><relationship relationship-id="liabilities" /><attribute attr-id="8c97d5d6-864f-4adc-91cf-befdcdc466b4" /></instance-sum></minus></value></conclude><table-conclude entity-id="income_source" scope-id="ent3_0"><condition-col><rows><condition><equals><attribute attr-id="income_source_frequency" /><string-value>per month</string-value></equals></condition><condition><equals><attribute attr-id="income_source_frequency" /><string-value>per year</string-value></equals></condition><condition><equals><attribute attr-id="income_source_frequency" /><string-value>per week</string-value></equals></condition><empty /></rows></condition-col><conclusion-col attr-id="c4ce4885-ddf2-4bf7-9065-77ba112b4258"><value><attribute attr-id="income_source_amount" /></value><value><divide><attribute attr-id="income_source_amount" /><number-value>12</number-value></divide></value><value><divide><multiply><attribute attr-id="income_source_amount" /><number-value>52</number-value></multiply><number-value>12</number-value></divide></value><value><number-value>0</number-value></value></conclusion-col></table-conclude><conclude attr-id="a59a50e4-9195-487a-80db-5bd4891bdd29" entity-id="global" scope-id="global0"><value><number-value>360</number-value></value></conclude><conclude attr-id="6bc6de50-e968-4580-8788-5e570b2c7e7b" entity-id="global" scope-id="global0"><value><divide><attribute attr-id="loan_interest_rate" /><number-value>1200</number-value></divide></value></conclude><conclude attr-id="minimum_repayment" entity-id="global" scope-id="global0"><value><divide><multiply><attribute attr-id="6bc6de50-e968-4580-8788-5e570b2c7e7b" /><attribute attr-id="0d65e2eb-a2f6-4393-a540-56b7fb9b65e6" /></multiply><minus><number-value>1</number-value><xy><plus><number-value>1</number-value><attribute attr-id="6bc6de50-e968-4580-8788-5e570b2c7e7b" /></plus><negate><attribute attr-id="a59a50e4-9195-487a-80db-5bd4891bdd29" /></negate></xy></minus></divide></value></conclude><conclude-instance relationship-id="first_payment" source="global" source-scope-id="global0"><identity><number-value>0</number-value></identity></conclude-instance><conclude-instance relationship-id="next_payment" source="payment" source-scope-id="ent2_0"><identity><plus><attribute attr-id="payment_ID" /><number-value>1</number-value></plus></identity><condition><and><greater-than><attribute attr-id="payment_balance" /><number-value>0</number-value></greater-than><less-than><attribute attr-id="payment_ID" /><for><scope-ref id="global0" /><attribute attr-id="a59a50e4-9195-487a-80db-5bd4891bdd29" /></for></less-than></and></condition></conclude-instance><table-conclude entity-id="payment" scope-id="ent2_0"><condition-col><rows><condition><equals><attribute attr-id="payment_ID" /><number-value>0</number-value></equals></condition><empty /></rows></condition-col><conclusion-col attr-id="126c6d65-2364-4ac0-9928-3d55ca39e5c6"><value><for><scope-ref id="global0" /><attribute attr-id="0d65e2eb-a2f6-4393-a540-56b7fb9b65e6" /></for></value><value><minus><plus><for scope-id="ent2_1"><relationship relationship-id="previous_payment" /><attribute attr-id="126c6d65-2364-4ac0-9928-3d55ca39e5c6" /></for><for scope-id="ent2_1"><relationship relationship-id="previous_payment" /><attribute attr-id="dde8db23-5c79-4117-b203-6a419c631d30" /></for></plus><for scope-id="ent2_1"><relationship relationship-id="previous_payment" /><attribute attr-id="93483d04-6847-4618-aff6-b4feb9bd25be" /></for></minus></value></conclusion-col></table-conclude><table-conclude entity-id="payment" scope-id="ent2_0"><condition-col><rows><condition><equals><attribute attr-id="payment_ID" /><number-value>0</number-value></equals></condition><empty /></rows></condition-col><conclusion-col attr-id="payment_balance"><value><for><scope-ref id="global0" /><attribute attr-id="0d65e2eb-a2f6-4393-a540-56b7fb9b65e6" /></for></value><value><minus><plus><for scope-id="ent2_1"><relationship relationship-id="previous_payment" /><attribute attr-id="payment_balance" /></for><for scope-id="ent2_1"><relationship relationship-id="previous_payment" /><attribute attr-id="463eb14e-4a3f-4c68-abc2-d592c81baa58" /></for></plus><for scope-id="ent2_1"><relationship relationship-id="previous_payment" /><attribute attr-id="payment_amount" /></for></minus></value></conclusion-col></table-conclude><conclude attr-id="payment_amount" entity-id="payment" scope-id="ent2_0"><value><minimum><plus><attribute attr-id="payment_balance" /><attribute attr-id="463eb14e-4a3f-4c68-abc2-d592c81baa58" /></plus><for><scope-ref id="global0" /><attribute attr-id="total_repayment" /></for></minimum></value></conclude><conclude attr-id="463eb14e-4a3f-4c68-abc2-d592c81baa58" entity-id="payment" scope-id="ent2_0"><value><multiply><attribute attr-id="payment_balance" /><for><scope-ref id="global0" /><attribute attr-id="6bc6de50-e968-4580-8788-5e570b2c7e7b" /></for></multiply></value></conclude><conclude attr-id="dde8db23-5c79-4117-b203-6a419c631d30" entity-id="payment" scope-id="ent2_0"><value><multiply><attribute attr-id="126c6d65-2364-4ac0-9928-3d55ca39e5c6" /><for><scope-ref id="global0" /><attribute attr-id="6bc6de50-e968-4580-8788-5e570b2c7e7b" /></for></multiply></value></conclude><conclude attr-id="93483d04-6847-4618-aff6-b4feb9bd25be" entity-id="payment" scope-id="ent2_0"><value><minimum><plus><attribute attr-id="126c6d65-2364-4ac0-9928-3d55ca39e5c6" /><attribute attr-id="dde8db23-5c79-4117-b203-6a419c631d30" /></plus><for><scope-ref id="global0" /><attribute attr-id="minimum_repayment" /></for></minimum></value></conclude><table-conclude entity-id="global" scope-id="global0"><condition-col><rows><condition><and><attribute attr-id="loan_extrapayment" /><certain><attribute attr-id="loan_extrapayment_amount" /></certain></and></condition><empty /></rows></condition-col><conclusion-col attr-id="total_repayment"><value><plus><attribute attr-id="minimum_repayment" /><attribute attr-id="loan_extrapayment_amount" /></plus></value><value><attribute attr-id="minimum_repayment" /></value></conclusion-col></table-conclude><conclude attr-id="4434fa87-c438-43b0-b313-904ec4a8de0a" entity-id="global" scope-id="global0"><value><number-value>18</number-value></value></conclude><conclude attr-id="0aa23588-77ae-44d1-9644-9b6f04f45a9e" entity-id="global" scope-id="global0"><value><number-value>5000</number-value></value></conclude><conclude attr-id="c306d5ae-522e-4b63-bedf-44b17e509802" entity-id="global" scope-id="global0"><value><number-value>5000000</number-value></value></conclude><conclude attr-id="e17001d6-b16c-415d-8187-f03216fd4c20" entity-id="global" scope-id="global0"><value><number-value>95</number-value></value></conclude><conclude attr-id="f9d063bb-54ad-4217-b764-03315d8bc96e" entity-id="global" scope-id="global0"><value><false-value /></value></conclude></rules></rulebase>